id,Datum,Fastenzeit
130701,2013-07-01,0
130702,2013-07-02,0
130703,2013-07-03,0
130704,2013-07-04,0
130705,2013-07-05,0
130706,2013-07-06,0
130707,2013-07-07,0
130708,2013-07-08,0
130709,2013-07-09,0
130710,2013-07-10,0
130711,2013-07-11,0
130712,2013-07-12,0
130713,2013-07-13,0
130714,2013-07-14,0
130715,2013-07-15,0
130716,2013-07-16,0
130717,2013-07-17,0
130718,2013-07-18,0
130719,2013-07-19,0
130720,2013-07-20,0
130721,2013-07-21,0
130722,2013-07-22,0
130723,2013-07-23,0
130724,2013-07-24,0
130725,2013-07-25,0
130726,2013-07-26,0
130727,2013-07-27,0
130728,2013-07-28,0
130729,2013-07-29,0
130730,2013-07-30,0
130731,2013-07-31,0
130801,2013-08-01,0
130802,2013-08-02,0
130803,2013-08-03,0
130804,2013-08-04,0
130805,2013-08-05,0
130806,2013-08-06,0
130807,2013-08-07,0
130808,2013-08-08,0
130809,2013-08-09,0
130810,2013-08-10,0
130811,2013-08-11,0
130812,2013-08-12,0
130813,2013-08-13,0
130814,2013-08-14,0
130815,2013-08-15,0
130816,2013-08-16,0
130817,2013-08-17,0
130818,2013-08-18,0
130819,2013-08-19,0
130820,2013-08-20,0
130821,2013-08-21,0
130822,2013-08-22,0
130823,2013-08-23,0
130824,2013-08-24,0
130825,2013-08-25,0
130826,2013-08-26,0
130827,2013-08-27,0
130828,2013-08-28,0
130829,2013-08-29,0
130830,2013-08-30,0
130831,2013-08-31,0
130901,2013-09-01,0
130902,2013-09-02,0
130903,2013-09-03,0
130904,2013-09-04,0
130905,2013-09-05,0
130906,2013-09-06,0
130907,2013-09-07,0
130908,2013-09-08,0
130909,2013-09-09,0
130910,2013-09-10,0
130911,2013-09-11,0
130912,2013-09-12,0
130913,2013-09-13,0
130914,2013-09-14,0
130915,2013-09-15,0
130916,2013-09-16,0
130917,2013-09-17,0
130918,2013-09-18,0
130919,2013-09-19,0
130920,2013-09-20,0
130921,2013-09-21,0
130922,2013-09-22,0
130923,2013-09-23,0
130924,2013-09-24,0
130925,2013-09-25,0
130926,2013-09-26,0
130927,2013-09-27,0
130928,2013-09-28,0
130929,2013-09-29,0
130930,2013-09-30,0
131001,2013-10-01,0
131002,2013-10-02,0
131003,2013-10-03,0
131004,2013-10-04,0
131005,2013-10-05,0
131006,2013-10-06,0
131007,2013-10-07,0
131008,2013-10-08,0
131009,2013-10-09,0
131010,2013-10-10,0
131011,2013-10-11,0
131012,2013-10-12,0
131013,2013-10-13,0
131014,2013-10-14,0
131015,2013-10-15,0
131016,2013-10-16,0
131017,2013-10-17,0
131018,2013-10-18,0
131019,2013-10-19,0
131020,2013-10-20,0
131021,2013-10-21,0
131022,2013-10-22,0
131023,2013-10-23,0
131024,2013-10-24,0
131025,2013-10-25,0
131026,2013-10-26,0
131027,2013-10-27,0
131028,2013-10-28,0
131029,2013-10-29,0
131030,2013-10-30,0
131031,2013-10-31,0
131101,2013-11-01,0
131102,2013-11-02,0
131103,2013-11-03,0
131104,2013-11-04,0
131105,2013-11-05,0
131106,2013-11-06,0
131107,2013-11-07,0
131108,2013-11-08,0
131109,2013-11-09,0
131110,2013-11-10,0
131111,2013-11-11,0
131112,2013-11-12,0
131113,2013-11-13,0
131114,2013-11-14,0
131115,2013-11-15,0
131116,2013-11-16,0
131117,2013-11-17,0
131118,2013-11-18,0
131119,2013-11-19,0
131120,2013-11-20,0
131121,2013-11-21,0
131122,2013-11-22,0
131123,2013-11-23,0
131124,2013-11-24,0
131125,2013-11-25,0
131126,2013-11-26,0
131127,2013-11-27,0
131128,2013-11-28,0
131129,2013-11-29,0
131130,2013-11-30,0
131201,2013-12-01,0
131202,2013-12-02,0
131203,2013-12-03,0
131204,2013-12-04,0
131205,2013-12-05,0
131206,2013-12-06,0
131207,2013-12-07,0
131208,2013-12-08,0
131209,2013-12-09,0
131210,2013-12-10,0
131211,2013-12-11,0
131212,2013-12-12,0
131213,2013-12-13,0
131214,2013-12-14,0
131215,2013-12-15,0
131216,2013-12-16,0
131217,2013-12-17,0
131218,2013-12-18,0
131219,2013-12-19,0
131220,2013-12-20,0
131221,2013-12-21,0
131222,2013-12-22,0
131223,2013-12-23,0
131224,2013-12-24,0
131225,2013-12-25,0
131226,2013-12-26,0
131227,2013-12-27,0
131228,2013-12-28,0
131229,2013-12-29,0
131230,2013-12-30,0
131231,2013-12-31,0
140101,2014-01-01,0
140102,2014-01-02,0
140103,2014-01-03,0
140104,2014-01-04,0
140105,2014-01-05,0
140106,2014-01-06,0
140107,2014-01-07,0
140108,2014-01-08,0
140109,2014-01-09,0
140110,2014-01-10,0
140111,2014-01-11,0
140112,2014-01-12,0
140113,2014-01-13,0
140114,2014-01-14,0
140115,2014-01-15,0
140116,2014-01-16,0
140117,2014-01-17,0
140118,2014-01-18,0
140119,2014-01-19,0
140120,2014-01-20,0
140121,2014-01-21,0
140122,2014-01-22,0
140123,2014-01-23,0
140124,2014-01-24,0
140125,2014-01-25,0
140126,2014-01-26,0
140127,2014-01-27,0
140128,2014-01-28,0
140129,2014-01-29,0
140130,2014-01-30,0
140131,2014-01-31,0
140201,2014-02-01,0
140202,2014-02-02,0
140203,2014-02-03,0
140204,2014-02-04,0
140205,2014-02-05,0
140206,2014-02-06,0
140207,2014-02-07,0
140208,2014-02-08,0
140209,2014-02-09,0
140210,2014-02-10,0
140211,2014-02-11,0
140212,2014-02-12,0
140213,2014-02-13,0
140214,2014-02-14,0
140215,2014-02-15,0
140216,2014-02-16,0
140217,2014-02-17,0
140218,2014-02-18,0
140219,2014-02-19,0
140220,2014-02-20,0
140221,2014-02-21,0
140222,2014-02-22,0
140223,2014-02-23,0
140224,2014-02-24,0
140225,2014-02-25,0
140226,2014-02-26,0
140227,2014-02-27,0
140228,2014-02-28,0
140301,2014-03-01,0
140302,2014-03-02,0
140303,2014-03-03,0
140304,2014-03-04,0
140305,2014-03-05,1
140306,2014-03-06,1
140307,2014-03-07,1
140308,2014-03-08,1
140309,2014-03-09,1
140310,2014-03-10,1
140311,2014-03-11,1
140312,2014-03-12,1
140313,2014-03-13,1
140314,2014-03-14,1
140315,2014-03-15,1
140316,2014-03-16,1
140317,2014-03-17,1
140318,2014-03-18,1
140319,2014-03-19,1
140320,2014-03-20,1
140321,2014-03-21,1
140322,2014-03-22,1
140323,2014-03-23,1
140324,2014-03-24,1
140325,2014-03-25,1
140326,2014-03-26,1
140327,2014-03-27,1
140328,2014-03-28,1
140329,2014-03-29,1
140330,2014-03-30,1
140331,2014-03-31,1
140401,2014-04-01,1
140402,2014-04-02,1
140403,2014-04-03,1
140404,2014-04-04,1
140405,2014-04-05,1
140406,2014-04-06,1
140407,2014-04-07,1
140408,2014-04-08,1
140409,2014-04-09,1
140410,2014-04-10,1
140411,2014-04-11,1
140412,2014-04-12,1
140413,2014-04-13,1
140414,2014-04-14,1
140415,2014-04-15,1
140416,2014-04-16,1
140417,2014-04-17,1
140418,2014-04-18,1
140419,2014-04-19,1
140420,2014-04-20,0
140421,2014-04-21,0
140422,2014-04-22,0
140423,2014-04-23,0
140424,2014-04-24,0
140425,2014-04-25,0
140426,2014-04-26,0
140427,2014-04-27,0
140428,2014-04-28,0
140429,2014-04-29,0
140430,2014-04-30,0
140501,2014-05-01,0
140502,2014-05-02,0
140503,2014-05-03,0
140504,2014-05-04,0
140505,2014-05-05,0
140506,2014-05-06,0
140507,2014-05-07,0
140508,2014-05-08,0
140509,2014-05-09,0
140510,2014-05-10,0
140511,2014-05-11,0
140512,2014-05-12,0
140513,2014-05-13,0
140514,2014-05-14,0
140515,2014-05-15,0
140516,2014-05-16,0
140517,2014-05-17,0
140518,2014-05-18,0
140519,2014-05-19,0
140520,2014-05-20,0
140521,2014-05-21,0
140522,2014-05-22,0
140523,2014-05-23,0
140524,2014-05-24,0
140525,2014-05-25,0
140526,2014-05-26,0
140527,2014-05-27,0
140528,2014-05-28,0
140529,2014-05-29,0
140530,2014-05-30,0
140531,2014-05-31,0
140601,2014-06-01,0
140602,2014-06-02,0
140603,2014-06-03,0
140604,2014-06-04,0
140605,2014-06-05,0
140606,2014-06-06,0
140607,2014-06-07,0
140608,2014-06-08,0
140609,2014-06-09,0
140610,2014-06-10,0
140611,2014-06-11,0
140612,2014-06-12,0
140613,2014-06-13,0
140614,2014-06-14,0
140615,2014-06-15,0
140616,2014-06-16,0
140617,2014-06-17,0
140618,2014-06-18,0
140619,2014-06-19,0
140620,2014-06-20,0
140621,2014-06-21,0
140622,2014-06-22,0
140623,2014-06-23,0
140624,2014-06-24,0
140625,2014-06-25,0
140626,2014-06-26,0
140627,2014-06-27,0
140628,2014-06-28,0
140629,2014-06-29,0
140630,2014-06-30,0
140701,2014-07-01,0
140702,2014-07-02,0
140703,2014-07-03,0
140704,2014-07-04,0
140705,2014-07-05,0
140706,2014-07-06,0
140707,2014-07-07,0
140708,2014-07-08,0
140709,2014-07-09,0
140710,2014-07-10,0
140711,2014-07-11,0
140712,2014-07-12,0
140713,2014-07-13,0
140714,2014-07-14,0
140715,2014-07-15,0
140716,2014-07-16,0
140717,2014-07-17,0
140718,2014-07-18,0
140719,2014-07-19,0
140720,2014-07-20,0
140721,2014-07-21,0
140722,2014-07-22,0
140723,2014-07-23,0
140724,2014-07-24,0
140725,2014-07-25,0
140726,2014-07-26,0
140727,2014-07-27,0
140728,2014-07-28,0
140729,2014-07-29,0
140730,2014-07-30,0
140731,2014-07-31,0
140801,2014-08-01,0
140802,2014-08-02,0
140803,2014-08-03,0
140804,2014-08-04,0
140805,2014-08-05,0
140806,2014-08-06,0
140807,2014-08-07,0
140808,2014-08-08,0
140809,2014-08-09,0
140810,2014-08-10,0
140811,2014-08-11,0
140812,2014-08-12,0
140813,2014-08-13,0
140814,2014-08-14,0
140815,2014-08-15,0
140816,2014-08-16,0
140817,2014-08-17,0
140818,2014-08-18,0
140819,2014-08-19,0
140820,2014-08-20,0
140821,2014-08-21,0
140822,2014-08-22,0
140823,2014-08-23,0
140824,2014-08-24,0
140825,2014-08-25,0
140826,2014-08-26,0
140827,2014-08-27,0
140828,2014-08-28,0
140829,2014-08-29,0
140830,2014-08-30,0
140831,2014-08-31,0
140901,2014-09-01,0
140902,2014-09-02,0
140903,2014-09-03,0
140904,2014-09-04,0
140905,2014-09-05,0
140906,2014-09-06,0
140907,2014-09-07,0
140908,2014-09-08,0
140909,2014-09-09,0
140910,2014-09-10,0
140911,2014-09-11,0
140912,2014-09-12,0
140913,2014-09-13,0
140914,2014-09-14,0
140915,2014-09-15,0
140916,2014-09-16,0
140917,2014-09-17,0
140918,2014-09-18,0
140919,2014-09-19,0
140920,2014-09-20,0
140921,2014-09-21,0
140922,2014-09-22,0
140923,2014-09-23,0
140924,2014-09-24,0
140925,2014-09-25,0
140926,2014-09-26,0
140927,2014-09-27,0
140928,2014-09-28,0
140929,2014-09-29,0
140930,2014-09-30,0
141001,2014-10-01,0
141002,2014-10-02,0
141003,2014-10-03,0
141004,2014-10-04,0
141005,2014-10-05,0
141006,2014-10-06,0
141007,2014-10-07,0
141008,2014-10-08,0
141009,2014-10-09,0
141010,2014-10-10,0
141011,2014-10-11,0
141012,2014-10-12,0
141013,2014-10-13,0
141014,2014-10-14,0
141015,2014-10-15,0
141016,2014-10-16,0
141017,2014-10-17,0
141018,2014-10-18,0
141019,2014-10-19,0
141020,2014-10-20,0
141021,2014-10-21,0
141022,2014-10-22,0
141023,2014-10-23,0
141024,2014-10-24,0
141025,2014-10-25,0
141026,2014-10-26,0
141027,2014-10-27,0
141028,2014-10-28,0
141029,2014-10-29,0
141030,2014-10-30,0
141031,2014-10-31,0
141101,2014-11-01,0
141102,2014-11-02,0
141103,2014-11-03,0
141104,2014-11-04,0
141105,2014-11-05,0
141106,2014-11-06,0
141107,2014-11-07,0
141108,2014-11-08,0
141109,2014-11-09,0
141110,2014-11-10,0
141111,2014-11-11,0
141112,2014-11-12,0
141113,2014-11-13,0
141114,2014-11-14,0
141115,2014-11-15,0
141116,2014-11-16,0
141117,2014-11-17,0
141118,2014-11-18,0
141119,2014-11-19,0
141120,2014-11-20,0
141121,2014-11-21,0
141122,2014-11-22,0
141123,2014-11-23,0
141124,2014-11-24,0
141125,2014-11-25,0
141126,2014-11-26,0
141127,2014-11-27,0
141128,2014-11-28,0
141129,2014-11-29,0
141130,2014-11-30,0
141201,2014-12-01,0
141202,2014-12-02,0
141203,2014-12-03,0
141204,2014-12-04,0
141205,2014-12-05,0
141206,2014-12-06,0
141207,2014-12-07,0
141208,2014-12-08,0
141209,2014-12-09,0
141210,2014-12-10,0
141211,2014-12-11,0
141212,2014-12-12,0
141213,2014-12-13,0
141214,2014-12-14,0
141215,2014-12-15,0
141216,2014-12-16,0
141217,2014-12-17,0
141218,2014-12-18,0
141219,2014-12-19,0
141220,2014-12-20,0
141221,2014-12-21,0
141222,2014-12-22,0
141223,2014-12-23,0
141224,2014-12-24,0
141225,2014-12-25,0
141226,2014-12-26,0
141227,2014-12-27,0
141228,2014-12-28,0
141229,2014-12-29,0
141230,2014-12-30,0
141231,2014-12-31,0
150101,2015-01-01,0
150102,2015-01-02,0
150103,2015-01-03,0
150104,2015-01-04,0
150105,2015-01-05,0
150106,2015-01-06,0
150107,2015-01-07,0
150108,2015-01-08,0
150109,2015-01-09,0
150110,2015-01-10,0
150111,2015-01-11,0
150112,2015-01-12,0
150113,2015-01-13,0
150114,2015-01-14,0
150115,2015-01-15,0
150116,2015-01-16,0
150117,2015-01-17,0
150118,2015-01-18,0
150119,2015-01-19,0
150120,2015-01-20,0
150121,2015-01-21,0
150122,2015-01-22,0
150123,2015-01-23,0
150124,2015-01-24,0
150125,2015-01-25,0
150126,2015-01-26,0
150127,2015-01-27,0
150128,2015-01-28,0
150129,2015-01-29,0
150130,2015-01-30,0
150131,2015-01-31,0
150201,2015-02-01,0
150202,2015-02-02,0
150203,2015-02-03,0
150204,2015-02-04,0
150205,2015-02-05,0
150206,2015-02-06,0
150207,2015-02-07,0
150208,2015-02-08,0
150209,2015-02-09,0
150210,2015-02-10,0
150211,2015-02-11,0
150212,2015-02-12,0
150213,2015-02-13,0
150214,2015-02-14,0
150215,2015-02-15,0
150216,2015-02-16,0
150217,2015-02-17,0
150218,2015-02-18,1
150219,2015-02-19,1
150220,2015-02-20,1
150221,2015-02-21,1
150222,2015-02-22,1
150223,2015-02-23,1
150224,2015-02-24,1
150225,2015-02-25,1
150226,2015-02-26,1
150227,2015-02-27,1
150228,2015-02-28,1
150301,2015-03-01,1
150302,2015-03-02,1
150303,2015-03-03,1
150304,2015-03-04,1
150305,2015-03-05,1
150306,2015-03-06,1
150307,2015-03-07,1
150308,2015-03-08,1
150309,2015-03-09,1
150310,2015-03-10,1
150311,2015-03-11,1
150312,2015-03-12,1
150313,2015-03-13,1
150314,2015-03-14,1
150315,2015-03-15,1
150316,2015-03-16,1
150317,2015-03-17,1
150318,2015-03-18,1
150319,2015-03-19,1
150320,2015-03-20,1
150321,2015-03-21,1
150322,2015-03-22,1
150323,2015-03-23,1
150324,2015-03-24,1
150325,2015-03-25,1
150326,2015-03-26,1
150327,2015-03-27,1
150328,2015-03-28,1
150329,2015-03-29,1
150330,2015-03-30,1
150331,2015-03-31,1
150401,2015-04-01,1
150402,2015-04-02,1
150403,2015-04-03,1
150404,2015-04-04,1
150405,2015-04-05,0
150406,2015-04-06,0
150407,2015-04-07,0
150408,2015-04-08,0
150409,2015-04-09,0
150410,2015-04-10,0
150411,2015-04-11,0
150412,2015-04-12,0
150413,2015-04-13,0
150414,2015-04-14,0
150415,2015-04-15,0
150416,2015-04-16,0
150417,2015-04-17,0
150418,2015-04-18,0
150419,2015-04-19,0
150420,2015-04-20,0
150421,2015-04-21,0
150422,2015-04-22,0
150423,2015-04-23,0
150424,2015-04-24,0
150425,2015-04-25,0
150426,2015-04-26,0
150427,2015-04-27,0
150428,2015-04-28,0
150429,2015-04-29,0
150430,2015-04-30,0
150501,2015-05-01,0
150502,2015-05-02,0
150503,2015-05-03,0
150504,2015-05-04,0
150505,2015-05-05,0
150506,2015-05-06,0
150507,2015-05-07,0
150508,2015-05-08,0
150509,2015-05-09,0
150510,2015-05-10,0
150511,2015-05-11,0
150512,2015-05-12,0
150513,2015-05-13,0
150514,2015-05-14,0
150515,2015-05-15,0
150516,2015-05-16,0
150517,2015-05-17,0
150518,2015-05-18,0
150519,2015-05-19,0
150520,2015-05-20,0
150521,2015-05-21,0
150522,2015-05-22,0
150523,2015-05-23,0
150524,2015-05-24,0
150525,2015-05-25,0
150526,2015-05-26,0
150527,2015-05-27,0
150528,2015-05-28,0
150529,2015-05-29,0
150530,2015-05-30,0
150531,2015-05-31,0
150601,2015-06-01,0
150602,2015-06-02,0
150603,2015-06-03,0
150604,2015-06-04,0
150605,2015-06-05,0
150606,2015-06-06,0
150607,2015-06-07,0
150608,2015-06-08,0
150609,2015-06-09,0
150610,2015-06-10,0
150611,2015-06-11,0
150612,2015-06-12,0
150613,2015-06-13,0
150614,2015-06-14,0
150615,2015-06-15,0
150616,2015-06-16,0
150617,2015-06-17,0
150618,2015-06-18,0
150619,2015-06-19,0
150620,2015-06-20,0
150621,2015-06-21,0
150622,2015-06-22,0
150623,2015-06-23,0
150624,2015-06-24,0
150625,2015-06-25,0
150626,2015-06-26,0
150627,2015-06-27,0
150628,2015-06-28,0
150629,2015-06-29,0
150630,2015-06-30,0
150701,2015-07-01,0
150702,2015-07-02,0
150703,2015-07-03,0
150704,2015-07-04,0
150705,2015-07-05,0
150706,2015-07-06,0
150707,2015-07-07,0
150708,2015-07-08,0
150709,2015-07-09,0
150710,2015-07-10,0
150711,2015-07-11,0
150712,2015-07-12,0
150713,2015-07-13,0
150714,2015-07-14,0
150715,2015-07-15,0
150716,2015-07-16,0
150717,2015-07-17,0
150718,2015-07-18,0
150719,2015-07-19,0
150720,2015-07-20,0
150721,2015-07-21,0
150722,2015-07-22,0
150723,2015-07-23,0
150724,2015-07-24,0
150725,2015-07-25,0
150726,2015-07-26,0
150727,2015-07-27,0
150728,2015-07-28,0
150729,2015-07-29,0
150730,2015-07-30,0
150731,2015-07-31,0
150801,2015-08-01,0
150802,2015-08-02,0
150803,2015-08-03,0
150804,2015-08-04,0
150805,2015-08-05,0
150806,2015-08-06,0
150807,2015-08-07,0
150808,2015-08-08,0
150809,2015-08-09,0
150810,2015-08-10,0
150811,2015-08-11,0
150812,2015-08-12,0
150813,2015-08-13,0
150814,2015-08-14,0
150815,2015-08-15,0
150816,2015-08-16,0
150817,2015-08-17,0
150818,2015-08-18,0
150819,2015-08-19,0
150820,2015-08-20,0
150821,2015-08-21,0
150822,2015-08-22,0
150823,2015-08-23,0
150824,2015-08-24,0
150825,2015-08-25,0
150826,2015-08-26,0
150827,2015-08-27,0
150828,2015-08-28,0
150829,2015-08-29,0
150830,2015-08-30,0
150831,2015-08-31,0
150901,2015-09-01,0
150902,2015-09-02,0
150903,2015-09-03,0
150904,2015-09-04,0
150905,2015-09-05,0
150906,2015-09-06,0
150907,2015-09-07,0
150908,2015-09-08,0
150909,2015-09-09,0
150910,2015-09-10,0
150911,2015-09-11,0
150912,2015-09-12,0
150913,2015-09-13,0
150914,2015-09-14,0
150915,2015-09-15,0
150916,2015-09-16,0
150917,2015-09-17,0
150918,2015-09-18,0
150919,2015-09-19,0
150920,2015-09-20,0
150921,2015-09-21,0
150922,2015-09-22,0
150923,2015-09-23,0
150924,2015-09-24,0
150925,2015-09-25,0
150926,2015-09-26,0
150927,2015-09-27,0
150928,2015-09-28,0
150929,2015-09-29,0
150930,2015-09-30,0
151001,2015-10-01,0
151002,2015-10-02,0
151003,2015-10-03,0
151004,2015-10-04,0
151005,2015-10-05,0
151006,2015-10-06,0
151007,2015-10-07,0
151008,2015-10-08,0
151009,2015-10-09,0
151010,2015-10-10,0
151011,2015-10-11,0
151012,2015-10-12,0
151013,2015-10-13,0
151014,2015-10-14,0
151015,2015-10-15,0
151016,2015-10-16,0
151017,2015-10-17,0
151018,2015-10-18,0
151019,2015-10-19,0
151020,2015-10-20,0
151021,2015-10-21,0
151022,2015-10-22,0
151023,2015-10-23,0
151024,2015-10-24,0
151025,2015-10-25,0
151026,2015-10-26,0
151027,2015-10-27,0
151028,2015-10-28,0
151029,2015-10-29,0
151030,2015-10-30,0
151031,2015-10-31,0
151101,2015-11-01,0
151102,2015-11-02,0
151103,2015-11-03,0
151104,2015-11-04,0
151105,2015-11-05,0
151106,2015-11-06,0
151107,2015-11-07,0
151108,2015-11-08,0
151109,2015-11-09,0
151110,2015-11-10,0
151111,2015-11-11,0
151112,2015-11-12,0
151113,2015-11-13,0
151114,2015-11-14,0
151115,2015-11-15,0
151116,2015-11-16,0
151117,2015-11-17,0
151118,2015-11-18,0
151119,2015-11-19,0
151120,2015-11-20,0
151121,2015-11-21,0
151122,2015-11-22,0
151123,2015-11-23,0
151124,2015-11-24,0
151125,2015-11-25,0
151126,2015-11-26,0
151127,2015-11-27,0
151128,2015-11-28,0
151129,2015-11-29,0
151130,2015-11-30,0
151201,2015-12-01,0
151202,2015-12-02,0
151203,2015-12-03,0
151204,2015-12-04,0
151205,2015-12-05,0
151206,2015-12-06,0
151207,2015-12-07,0
151208,2015-12-08,0
151209,2015-12-09,0
151210,2015-12-10,0
151211,2015-12-11,0
151212,2015-12-12,0
151213,2015-12-13,0
151214,2015-12-14,0
151215,2015-12-15,0
151216,2015-12-16,0
151217,2015-12-17,0
151218,2015-12-18,0
151219,2015-12-19,0
151220,2015-12-20,0
151221,2015-12-21,0
151222,2015-12-22,0
151223,2015-12-23,0
151224,2015-12-24,0
151225,2015-12-25,0
151226,2015-12-26,0
151227,2015-12-27,0
151228,2015-12-28,0
151229,2015-12-29,0
151230,2015-12-30,0
151231,2015-12-31,0
160101,2016-01-01,0
160102,2016-01-02,0
160103,2016-01-03,0
160104,2016-01-04,0
160105,2016-01-05,0
160106,2016-01-06,0
160107,2016-01-07,0
160108,2016-01-08,0
160109,2016-01-09,0
160110,2016-01-10,0
160111,2016-01-11,0
160112,2016-01-12,0
160113,2016-01-13,0
160114,2016-01-14,0
160115,2016-01-15,0
160116,2016-01-16,0
160117,2016-01-17,0
160118,2016-01-18,0
160119,2016-01-19,0
160120,2016-01-20,0
160121,2016-01-21,0
160122,2016-01-22,0
160123,2016-01-23,0
160124,2016-01-24,0
160125,2016-01-25,0
160126,2016-01-26,0
160127,2016-01-27,0
160128,2016-01-28,0
160129,2016-01-29,0
160130,2016-01-30,0
160131,2016-01-31,0
160201,2016-02-01,0
160202,2016-02-02,0
160203,2016-02-03,0
160204,2016-02-04,0
160205,2016-02-05,0
160206,2016-02-06,0
160207,2016-02-07,0
160208,2016-02-08,0
160209,2016-02-09,0
160210,2016-02-10,1
160211,2016-02-11,1
160212,2016-02-12,1
160213,2016-02-13,1
160214,2016-02-14,1
160215,2016-02-15,1
160216,2016-02-16,1
160217,2016-02-17,1
160218,2016-02-18,1
160219,2016-02-19,1
160220,2016-02-20,1
160221,2016-02-21,1
160222,2016-02-22,1
160223,2016-02-23,1
160224,2016-02-24,1
160225,2016-02-25,1
160226,2016-02-26,1
160227,2016-02-27,1
160228,2016-02-28,1
160229,2016-02-29,1
160301,2016-03-01,1
160302,2016-03-02,1
160303,2016-03-03,1
160304,2016-03-04,1
160305,2016-03-05,1
160306,2016-03-06,1
160307,2016-03-07,1
160308,2016-03-08,1
160309,2016-03-09,1
160310,2016-03-10,1
160311,2016-03-11,1
160312,2016-03-12,1
160313,2016-03-13,1
160314,2016-03-14,1
160315,2016-03-15,1
160316,2016-03-16,1
160317,2016-03-17,1
160318,2016-03-18,1
160319,2016-03-19,1
160320,2016-03-20,1
160321,2016-03-21,1
160322,2016-03-22,1
160323,2016-03-23,1
160324,2016-03-24,1
160325,2016-03-25,1
160326,2016-03-26,1
160327,2016-03-27,0
160328,2016-03-28,0
160329,2016-03-29,0
160330,2016-03-30,0
160331,2016-03-31,0
160401,2016-04-01,0
160402,2016-04-02,0
160403,2016-04-03,0
160404,2016-04-04,0
160405,2016-04-05,0
160406,2016-04-06,0
160407,2016-04-07,0
160408,2016-04-08,0
160409,2016-04-09,0
160410,2016-04-10,0
160411,2016-04-11,0
160412,2016-04-12,0
160413,2016-04-13,0
160414,2016-04-14,0
160415,2016-04-15,0
160416,2016-04-16,0
160417,2016-04-17,0
160418,2016-04-18,0
160419,2016-04-19,0
160420,2016-04-20,0
160421,2016-04-21,0
160422,2016-04-22,0
160423,2016-04-23,0
160424,2016-04-24,0
160425,2016-04-25,0
160426,2016-04-26,0
160427,2016-04-27,0
160428,2016-04-28,0
160429,2016-04-29,0
160430,2016-04-30,0
160501,2016-05-01,0
160502,2016-05-02,0
160503,2016-05-03,0
160504,2016-05-04,0
160505,2016-05-05,0
160506,2016-05-06,0
160507,2016-05-07,0
160508,2016-05-08,0
160509,2016-05-09,0
160510,2016-05-10,0
160511,2016-05-11,0
160512,2016-05-12,0
160513,2016-05-13,0
160514,2016-05-14,0
160515,2016-05-15,0
160516,2016-05-16,0
160517,2016-05-17,0
160518,2016-05-18,0
160519,2016-05-19,0
160520,2016-05-20,0
160521,2016-05-21,0
160522,2016-05-22,0
160523,2016-05-23,0
160524,2016-05-24,0
160525,2016-05-25,0
160526,2016-05-26,0
160527,2016-05-27,0
160528,2016-05-28,0
160529,2016-05-29,0
160530,2016-05-30,0
160531,2016-05-31,0
160601,2016-06-01,0
160602,2016-06-02,0
160603,2016-06-03,0
160604,2016-06-04,0
160605,2016-06-05,0
160606,2016-06-06,0
160607,2016-06-07,0
160608,2016-06-08,0
160609,2016-06-09,0
160610,2016-06-10,0
160611,2016-06-11,0
160612,2016-06-12,0
160613,2016-06-13,0
160614,2016-06-14,0
160615,2016-06-15,0
160616,2016-06-16,0
160617,2016-06-17,0
160618,2016-06-18,0
160619,2016-06-19,0
160620,2016-06-20,0
160621,2016-06-21,0
160622,2016-06-22,0
160623,2016-06-23,0
160624,2016-06-24,0
160625,2016-06-25,0
160626,2016-06-26,0
160627,2016-06-27,0
160628,2016-06-28,0
160629,2016-06-29,0
160630,2016-06-30,0
160701,2016-07-01,0
160702,2016-07-02,0
160703,2016-07-03,0
160704,2016-07-04,0
160705,2016-07-05,0
160706,2016-07-06,0
160707,2016-07-07,0
160708,2016-07-08,0
160709,2016-07-09,0
160710,2016-07-10,0
160711,2016-07-11,0
160712,2016-07-12,0
160713,2016-07-13,0
160714,2016-07-14,0
160715,2016-07-15,0
160716,2016-07-16,0
160717,2016-07-17,0
160718,2016-07-18,0
160719,2016-07-19,0
160720,2016-07-20,0
160721,2016-07-21,0
160722,2016-07-22,0
160723,2016-07-23,0
160724,2016-07-24,0
160725,2016-07-25,0
160726,2016-07-26,0
160727,2016-07-27,0
160728,2016-07-28,0
160729,2016-07-29,0
160730,2016-07-30,0
160731,2016-07-31,0
160801,2016-08-01,0
160802,2016-08-02,0
160803,2016-08-03,0
160804,2016-08-04,0
160805,2016-08-05,0
160806,2016-08-06,0
160807,2016-08-07,0
160808,2016-08-08,0
160809,2016-08-09,0
160810,2016-08-10,0
160811,2016-08-11,0
160812,2016-08-12,0
160813,2016-08-13,0
160814,2016-08-14,0
160815,2016-08-15,0
160816,2016-08-16,0
160817,2016-08-17,0
160818,2016-08-18,0
160819,2016-08-19,0
160820,2016-08-20,0
160821,2016-08-21,0
160822,2016-08-22,0
160823,2016-08-23,0
160824,2016-08-24,0
160825,2016-08-25,0
160826,2016-08-26,0
160827,2016-08-27,0
160828,2016-08-28,0
160829,2016-08-29,0
160830,2016-08-30,0
160831,2016-08-31,0
160901,2016-09-01,0
160902,2016-09-02,0
160903,2016-09-03,0
160904,2016-09-04,0
160905,2016-09-05,0
160906,2016-09-06,0
160907,2016-09-07,0
160908,2016-09-08,0
160909,2016-09-09,0
160910,2016-09-10,0
160911,2016-09-11,0
160912,2016-09-12,0
160913,2016-09-13,0
160914,2016-09-14,0
160915,2016-09-15,0
160916,2016-09-16,0
160917,2016-09-17,0
160918,2016-09-18,0
160919,2016-09-19,0
160920,2016-09-20,0
160921,2016-09-21,0
160922,2016-09-22,0
160923,2016-09-23,0
160924,2016-09-24,0
160925,2016-09-25,0
160926,2016-09-26,0
160927,2016-09-27,0
160928,2016-09-28,0
160929,2016-09-29,0
160930,2016-09-30,0
161001,2016-10-01,0
161002,2016-10-02,0
161003,2016-10-03,0
161004,2016-10-04,0
161005,2016-10-05,0
161006,2016-10-06,0
161007,2016-10-07,0
161008,2016-10-08,0
161009,2016-10-09,0
161010,2016-10-10,0
161011,2016-10-11,0
161012,2016-10-12,0
161013,2016-10-13,0
161014,2016-10-14,0
161015,2016-10-15,0
161016,2016-10-16,0
161017,2016-10-17,0
161018,2016-10-18,0
161019,2016-10-19,0
161020,2016-10-20,0
161021,2016-10-21,0
161022,2016-10-22,0
161023,2016-10-23,0
161024,2016-10-24,0
161025,2016-10-25,0
161026,2016-10-26,0
161027,2016-10-27,0
161028,2016-10-28,0
161029,2016-10-29,0
161030,2016-10-30,0
161031,2016-10-31,0
161101,2016-11-01,0
161102,2016-11-02,0
161103,2016-11-03,0
161104,2016-11-04,0
161105,2016-11-05,0
161106,2016-11-06,0
161107,2016-11-07,0
161108,2016-11-08,0
161109,2016-11-09,0
161110,2016-11-10,0
161111,2016-11-11,0
161112,2016-11-12,0
161113,2016-11-13,0
161114,2016-11-14,0
161115,2016-11-15,0
161116,2016-11-16,0
161117,2016-11-17,0
161118,2016-11-18,0
161119,2016-11-19,0
161120,2016-11-20,0
161121,2016-11-21,0
161122,2016-11-22,0
161123,2016-11-23,0
161124,2016-11-24,0
161125,2016-11-25,0
161126,2016-11-26,0
161127,2016-11-27,0
161128,2016-11-28,0
161129,2016-11-29,0
161130,2016-11-30,0
161201,2016-12-01,0
161202,2016-12-02,0
161203,2016-12-03,0
161204,2016-12-04,0
161205,2016-12-05,0
161206,2016-12-06,0
161207,2016-12-07,0
161208,2016-12-08,0
161209,2016-12-09,0
161210,2016-12-10,0
161211,2016-12-11,0
161212,2016-12-12,0
161213,2016-12-13,0
161214,2016-12-14,0
161215,2016-12-15,0
161216,2016-12-16,0
161217,2016-12-17,0
161218,2016-12-18,0
161219,2016-12-19,0
161220,2016-12-20,0
161221,2016-12-21,0
161222,2016-12-22,0
161223,2016-12-23,0
161224,2016-12-24,0
161225,2016-12-25,0
161226,2016-12-26,0
161227,2016-12-27,0
161228,2016-12-28,0
161229,2016-12-29,0
161230,2016-12-30,0
161231,2016-12-31,0
170101,2017-01-01,0
170102,2017-01-02,0
170103,2017-01-03,0
170104,2017-01-04,0
170105,2017-01-05,0
170106,2017-01-06,0
170107,2017-01-07,0
170108,2017-01-08,0
170109,2017-01-09,0
170110,2017-01-10,0
170111,2017-01-11,0
170112,2017-01-12,0
170113,2017-01-13,0
170114,2017-01-14,0
170115,2017-01-15,0
170116,2017-01-16,0
170117,2017-01-17,0
170118,2017-01-18,0
170119,2017-01-19,0
170120,2017-01-20,0
170121,2017-01-21,0
170122,2017-01-22,0
170123,2017-01-23,0
170124,2017-01-24,0
170125,2017-01-25,0
170126,2017-01-26,0
170127,2017-01-27,0
170128,2017-01-28,0
170129,2017-01-29,0
170130,2017-01-30,0
170131,2017-01-31,0
170201,2017-02-01,0
170202,2017-02-02,0
170203,2017-02-03,0
170204,2017-02-04,0
170205,2017-02-05,0
170206,2017-02-06,0
170207,2017-02-07,0
170208,2017-02-08,0
170209,2017-02-09,0
170210,2017-02-10,0
170211,2017-02-11,0
170212,2017-02-12,0
170213,2017-02-13,0
170214,2017-02-14,0
170215,2017-02-15,0
170216,2017-02-16,0
170217,2017-02-17,0
170218,2017-02-18,0
170219,2017-02-19,0
170220,2017-02-20,0
170221,2017-02-21,0
170222,2017-02-22,0
170223,2017-02-23,0
170224,2017-02-24,0
170225,2017-02-25,0
170226,2017-02-26,0
170227,2017-02-27,0
170228,2017-02-28,0
170301,2017-03-01,1
170302,2017-03-02,1
170303,2017-03-03,1
170304,2017-03-04,1
170305,2017-03-05,1
170306,2017-03-06,1
170307,2017-03-07,1
170308,2017-03-08,1
170309,2017-03-09,1
170310,2017-03-10,1
170311,2017-03-11,1
170312,2017-03-12,1
170313,2017-03-13,1
170314,2017-03-14,1
170315,2017-03-15,1
170316,2017-03-16,1
170317,2017-03-17,1
170318,2017-03-18,1
170319,2017-03-19,1
170320,2017-03-20,1
170321,2017-03-21,1
170322,2017-03-22,1
170323,2017-03-23,1
170324,2017-03-24,1
170325,2017-03-25,1
170326,2017-03-26,1
170327,2017-03-27,1
170328,2017-03-28,1
170329,2017-03-29,1
170330,2017-03-30,1
170331,2017-03-31,1
170401,2017-04-01,1
170402,2017-04-02,1
170403,2017-04-03,1
170404,2017-04-04,1
170405,2017-04-05,1
170406,2017-04-06,1
170407,2017-04-07,1
170408,2017-04-08,1
170409,2017-04-09,1
170410,2017-04-10,1
170411,2017-04-11,1
170412,2017-04-12,1
170413,2017-04-13,1
170414,2017-04-14,1
170415,2017-04-15,1
170416,2017-04-16,0
170417,2017-04-17,0
170418,2017-04-18,0
170419,2017-04-19,0
170420,2017-04-20,0
170421,2017-04-21,0
170422,2017-04-22,0
170423,2017-04-23,0
170424,2017-04-24,0
170425,2017-04-25,0
170426,2017-04-26,0
170427,2017-04-27,0
170428,2017-04-28,0
170429,2017-04-29,0
170430,2017-04-30,0
170501,2017-05-01,0
170502,2017-05-02,0
170503,2017-05-03,0
170504,2017-05-04,0
170505,2017-05-05,0
170506,2017-05-06,0
170507,2017-05-07,0
170508,2017-05-08,0
170509,2017-05-09,0
170510,2017-05-10,0
170511,2017-05-11,0
170512,2017-05-12,0
170513,2017-05-13,0
170514,2017-05-14,0
170515,2017-05-15,0
170516,2017-05-16,0
170517,2017-05-17,0
170518,2017-05-18,0
170519,2017-05-19,0
170520,2017-05-20,0
170521,2017-05-21,0
170522,2017-05-22,0
170523,2017-05-23,0
170524,2017-05-24,0
170525,2017-05-25,0
170526,2017-05-26,0
170527,2017-05-27,0
170528,2017-05-28,0
170529,2017-05-29,0
170530,2017-05-30,0
170531,2017-05-31,0
170601,2017-06-01,0
170602,2017-06-02,0
170603,2017-06-03,0
170604,2017-06-04,0
170605,2017-06-05,0
170606,2017-06-06,0
170607,2017-06-07,0
170608,2017-06-08,0
170609,2017-06-09,0
170610,2017-06-10,0
170611,2017-06-11,0
170612,2017-06-12,0
170613,2017-06-13,0
170614,2017-06-14,0
170615,2017-06-15,0
170616,2017-06-16,0
170617,2017-06-17,0
170618,2017-06-18,0
170619,2017-06-19,0
170620,2017-06-20,0
170621,2017-06-21,0
170622,2017-06-22,0
170623,2017-06-23,0
170624,2017-06-24,0
170625,2017-06-25,0
170626,2017-06-26,0
170627,2017-06-27,0
170628,2017-06-28,0
170629,2017-06-29,0
170630,2017-06-30,0
170701,2017-07-01,0
170702,2017-07-02,0
170703,2017-07-03,0
170704,2017-07-04,0
170705,2017-07-05,0
170706,2017-07-06,0
170707,2017-07-07,0
170708,2017-07-08,0
170709,2017-07-09,0
170710,2017-07-10,0
170711,2017-07-11,0
170712,2017-07-12,0
170713,2017-07-13,0
170714,2017-07-14,0
170715,2017-07-15,0
170716,2017-07-16,0
170717,2017-07-17,0
170718,2017-07-18,0
170719,2017-07-19,0
170720,2017-07-20,0
170721,2017-07-21,0
170722,2017-07-22,0
170723,2017-07-23,0
170724,2017-07-24,0
170725,2017-07-25,0
170726,2017-07-26,0
170727,2017-07-27,0
170728,2017-07-28,0
170729,2017-07-29,0
170730,2017-07-30,0
170731,2017-07-31,0
170801,2017-08-01,0
170802,2017-08-02,0
170803,2017-08-03,0
170804,2017-08-04,0
170805,2017-08-05,0
170806,2017-08-06,0
170807,2017-08-07,0
170808,2017-08-08,0
170809,2017-08-09,0
170810,2017-08-10,0
170811,2017-08-11,0
170812,2017-08-12,0
170813,2017-08-13,0
170814,2017-08-14,0
170815,2017-08-15,0
170816,2017-08-16,0
170817,2017-08-17,0
170818,2017-08-18,0
170819,2017-08-19,0
170820,2017-08-20,0
170821,2017-08-21,0
170822,2017-08-22,0
170823,2017-08-23,0
170824,2017-08-24,0
170825,2017-08-25,0
170826,2017-08-26,0
170827,2017-08-27,0
170828,2017-08-28,0
170829,2017-08-29,0
170830,2017-08-30,0
170831,2017-08-31,0
170901,2017-09-01,0
170902,2017-09-02,0
170903,2017-09-03,0
170904,2017-09-04,0
170905,2017-09-05,0
170906,2017-09-06,0
170907,2017-09-07,0
170908,2017-09-08,0
170909,2017-09-09,0
170910,2017-09-10,0
170911,2017-09-11,0
170912,2017-09-12,0
170913,2017-09-13,0
170914,2017-09-14,0
170915,2017-09-15,0
170916,2017-09-16,0
170917,2017-09-17,0
170918,2017-09-18,0
170919,2017-09-19,0
170920,2017-09-20,0
170921,2017-09-21,0
170922,2017-09-22,0
170923,2017-09-23,0
170924,2017-09-24,0
170925,2017-09-25,0
170926,2017-09-26,0
170927,2017-09-27,0
170928,2017-09-28,0
170929,2017-09-29,0
170930,2017-09-30,0
171001,2017-10-01,0
171002,2017-10-02,0
171003,2017-10-03,0
171004,2017-10-04,0
171005,2017-10-05,0
171006,2017-10-06,0
171007,2017-10-07,0
171008,2017-10-08,0
171009,2017-10-09,0
171010,2017-10-10,0
171011,2017-10-11,0
171012,2017-10-12,0
171013,2017-10-13,0
171014,2017-10-14,0
171015,2017-10-15,0
171016,2017-10-16,0
171017,2017-10-17,0
171018,2017-10-18,0
171019,2017-10-19,0
171020,2017-10-20,0
171021,2017-10-21,0
171022,2017-10-22,0
171023,2017-10-23,0
171024,2017-10-24,0
171025,2017-10-25,0
171026,2017-10-26,0
171027,2017-10-27,0
171028,2017-10-28,0
171029,2017-10-29,0
171030,2017-10-30,0
171031,2017-10-31,0
171101,2017-11-01,0
171102,2017-11-02,0
171103,2017-11-03,0
171104,2017-11-04,0
171105,2017-11-05,0
171106,2017-11-06,0
171107,2017-11-07,0
171108,2017-11-08,0
171109,2017-11-09,0
171110,2017-11-10,0
171111,2017-11-11,0
171112,2017-11-12,0
171113,2017-11-13,0
171114,2017-11-14,0
171115,2017-11-15,0
171116,2017-11-16,0
171117,2017-11-17,0
171118,2017-11-18,0
171119,2017-11-19,0
171120,2017-11-20,0
171121,2017-11-21,0
171122,2017-11-22,0
171123,2017-11-23,0
171124,2017-11-24,0
171125,2017-11-25,0
171126,2017-11-26,0
171127,2017-11-27,0
171128,2017-11-28,0
171129,2017-11-29,0
171130,2017-11-30,0
171201,2017-12-01,0
171202,2017-12-02,0
171203,2017-12-03,0
171204,2017-12-04,0
171205,2017-12-05,0
171206,2017-12-06,0
171207,2017-12-07,0
171208,2017-12-08,0
171209,2017-12-09,0
171210,2017-12-10,0
171211,2017-12-11,0
171212,2017-12-12,0
171213,2017-12-13,0
171214,2017-12-14,0
171215,2017-12-15,0
171216,2017-12-16,0
171217,2017-12-17,0
171218,2017-12-18,0
171219,2017-12-19,0
171220,2017-12-20,0
171221,2017-12-21,0
171222,2017-12-22,0
171223,2017-12-23,0
171224,2017-12-24,0
171225,2017-12-25,0
171226,2017-12-26,0
171227,2017-12-27,0
171228,2017-12-28,0
171229,2017-12-29,0
171230,2017-12-30,0
171231,2017-12-31,0
180101,2018-01-01,0
180102,2018-01-02,0
180103,2018-01-03,0
180104,2018-01-04,0
180105,2018-01-05,0
180106,2018-01-06,0
180107,2018-01-07,0
180108,2018-01-08,0
180109,2018-01-09,0
180110,2018-01-10,0
180111,2018-01-11,0
180112,2018-01-12,0
180113,2018-01-13,0
180114,2018-01-14,0
180115,2018-01-15,0
180116,2018-01-16,0
180117,2018-01-17,0
180118,2018-01-18,0
180119,2018-01-19,0
180120,2018-01-20,0
180121,2018-01-21,0
180122,2018-01-22,0
180123,2018-01-23,0
180124,2018-01-24,0
180125,2018-01-25,0
180126,2018-01-26,0
180127,2018-01-27,0
180128,2018-01-28,0
180129,2018-01-29,0
180130,2018-01-30,0
180131,2018-01-31,0
180201,2018-02-01,0
180202,2018-02-02,0
180203,2018-02-03,0
180204,2018-02-04,0
180205,2018-02-05,0
180206,2018-02-06,0
180207,2018-02-07,0
180208,2018-02-08,0
180209,2018-02-09,0
180210,2018-02-10,0
180211,2018-02-11,0
180212,2018-02-12,0
180213,2018-02-13,0
180214,2018-02-14,1
180215,2018-02-15,1
180216,2018-02-16,1
180217,2018-02-17,1
180218,2018-02-18,1
180219,2018-02-19,1
180220,2018-02-20,1
180221,2018-02-21,1
180222,2018-02-22,1
180223,2018-02-23,1
180224,2018-02-24,1
180225,2018-02-25,1
180226,2018-02-26,1
180227,2018-02-27,1
180228,2018-02-28,1
180301,2018-03-01,1
180302,2018-03-02,1
180303,2018-03-03,1
180304,2018-03-04,1
180305,2018-03-05,1
180306,2018-03-06,1
180307,2018-03-07,1
180308,2018-03-08,1
180309,2018-03-09,1
180310,2018-03-10,1
180311,2018-03-11,1
180312,2018-03-12,1
180313,2018-03-13,1
180314,2018-03-14,1
180315,2018-03-15,1
180316,2018-03-16,1
180317,2018-03-17,1
180318,2018-03-18,1
180319,2018-03-19,1
180320,2018-03-20,1
180321,2018-03-21,1
180322,2018-03-22,1
180323,2018-03-23,1
180324,2018-03-24,1
180325,2018-03-25,1
180326,2018-03-26,1
180327,2018-03-27,1
180328,2018-03-28,1
180329,2018-03-29,1
180330,2018-03-30,1
180331,2018-03-31,1
180401,2018-04-01,0
180402,2018-04-02,0
180403,2018-04-03,0
180404,2018-04-04,0
180405,2018-04-05,0
180406,2018-04-06,0
180407,2018-04-07,0
180408,2018-04-08,0
180409,2018-04-09,0
180410,2018-04-10,0
180411,2018-04-11,0
180412,2018-04-12,0
180413,2018-04-13,0
180414,2018-04-14,0
180415,2018-04-15,0
180416,2018-04-16,0
180417,2018-04-17,0
180418,2018-04-18,0
180419,2018-04-19,0
180420,2018-04-20,0
180421,2018-04-21,0
180422,2018-04-22,0
180423,2018-04-23,0
180424,2018-04-24,0
180425,2018-04-25,0
180426,2018-04-26,0
180427,2018-04-27,0
180428,2018-04-28,0
180429,2018-04-29,0
180430,2018-04-30,0
180501,2018-05-01,0
180502,2018-05-02,0
180503,2018-05-03,0
180504,2018-05-04,0
180505,2018-05-05,0
180506,2018-05-06,0
180507,2018-05-07,0
180508,2018-05-08,0
180509,2018-05-09,0
180510,2018-05-10,0
180511,2018-05-11,0
180512,2018-05-12,0
180513,2018-05-13,0
180514,2018-05-14,0
180515,2018-05-15,0
180516,2018-05-16,0
180517,2018-05-17,0
180518,2018-05-18,0
180519,2018-05-19,0
180520,2018-05-20,0
180521,2018-05-21,0
180522,2018-05-22,0
180523,2018-05-23,0
180524,2018-05-24,0
180525,2018-05-25,0
180526,2018-05-26,0
180527,2018-05-27,0
180528,2018-05-28,0
180529,2018-05-29,0
180530,2018-05-30,0
180531,2018-05-31,0
180601,2018-06-01,0
180602,2018-06-02,0
180603,2018-06-03,0
180604,2018-06-04,0
180605,2018-06-05,0
180606,2018-06-06,0
180607,2018-06-07,0
180608,2018-06-08,0
180609,2018-06-09,0
180610,2018-06-10,0
180611,2018-06-11,0
180612,2018-06-12,0
180613,2018-06-13,0
180614,2018-06-14,0
180615,2018-06-15,0
180616,2018-06-16,0
180617,2018-06-17,0
180618,2018-06-18,0
180619,2018-06-19,0
180620,2018-06-20,0
180621,2018-06-21,0
180622,2018-06-22,0
180623,2018-06-23,0
180624,2018-06-24,0
180625,2018-06-25,0
180626,2018-06-26,0
180627,2018-06-27,0
180628,2018-06-28,0
180629,2018-06-29,0
180630,2018-06-30,0
180701,2018-07-01,0
180702,2018-07-02,0
180703,2018-07-03,0
180704,2018-07-04,0
180705,2018-07-05,0
180706,2018-07-06,0
180707,2018-07-07,0
180708,2018-07-08,0
180709,2018-07-09,0
180710,2018-07-10,0
180711,2018-07-11,0
180712,2018-07-12,0
180713,2018-07-13,0
180714,2018-07-14,0
180715,2018-07-15,0
180716,2018-07-16,0
180717,2018-07-17,0
180718,2018-07-18,0
180719,2018-07-19,0
180720,2018-07-20,0
180721,2018-07-21,0
180722,2018-07-22,0
180723,2018-07-23,0
180724,2018-07-24,0
180725,2018-07-25,0
180726,2018-07-26,0
180727,2018-07-27,0
180728,2018-07-28,0
180729,2018-07-29,0
180730,2018-07-30,0
180731,2018-07-31,0
180801,2018-08-01,0
180802,2018-08-02,0
180803,2018-08-03,0
180804,2018-08-04,0
180805,2018-08-05,0
180806,2018-08-06,0
180807,2018-08-07,0
180808,2018-08-08,0
180809,2018-08-09,0
180810,2018-08-10,0
180811,2018-08-11,0
180812,2018-08-12,0
180813,2018-08-13,0
180814,2018-08-14,0
180815,2018-08-15,0
180816,2018-08-16,0
180817,2018-08-17,0
180818,2018-08-18,0
180819,2018-08-19,0
180820,2018-08-20,0
180821,2018-08-21,0
180822,2018-08-22,0
180823,2018-08-23,0
180824,2018-08-24,0
180825,2018-08-25,0
180826,2018-08-26,0
180827,2018-08-27,0
180828,2018-08-28,0
180829,2018-08-29,0
180830,2018-08-30,0
180831,2018-08-31,0
180901,2018-09-01,0
180902,2018-09-02,0
180903,2018-09-03,0
180904,2018-09-04,0
180905,2018-09-05,0
180906,2018-09-06,0
180907,2018-09-07,0
180908,2018-09-08,0
180909,2018-09-09,0
180910,2018-09-10,0
180911,2018-09-11,0
180912,2018-09-12,0
180913,2018-09-13,0
180914,2018-09-14,0
180915,2018-09-15,0
180916,2018-09-16,0
180917,2018-09-17,0
180918,2018-09-18,0
180919,2018-09-19,0
180920,2018-09-20,0
180921,2018-09-21,0
180922,2018-09-22,0
180923,2018-09-23,0
180924,2018-09-24,0
180925,2018-09-25,0
180926,2018-09-26,0
180927,2018-09-27,0
180928,2018-09-28,0
180929,2018-09-29,0
180930,2018-09-30,0
181001,2018-10-01,0
181002,2018-10-02,0
181003,2018-10-03,0
181004,2018-10-04,0
181005,2018-10-05,0
181006,2018-10-06,0
181007,2018-10-07,0
181008,2018-10-08,0
181009,2018-10-09,0
181010,2018-10-10,0
181011,2018-10-11,0
181012,2018-10-12,0
181013,2018-10-13,0
181014,2018-10-14,0
181015,2018-10-15,0
181016,2018-10-16,0
181017,2018-10-17,0
181018,2018-10-18,0
181019,2018-10-19,0
181020,2018-10-20,0
181021,2018-10-21,0
181022,2018-10-22,0
181023,2018-10-23,0
181024,2018-10-24,0
181025,2018-10-25,0
181026,2018-10-26,0
181027,2018-10-27,0
181028,2018-10-28,0
181029,2018-10-29,0
181030,2018-10-30,0
181031,2018-10-31,0
181101,2018-11-01,0
181102,2018-11-02,0
181103,2018-11-03,0
181104,2018-11-04,0
181105,2018-11-05,0
181106,2018-11-06,0
181107,2018-11-07,0
181108,2018-11-08,0
181109,2018-11-09,0
181110,2018-11-10,0
181111,2018-11-11,0
181112,2018-11-12,0
181113,2018-11-13,0
181114,2018-11-14,0
181115,2018-11-15,0
181116,2018-11-16,0
181117,2018-11-17,0
181118,2018-11-18,0
181119,2018-11-19,0
181120,2018-11-20,0
181121,2018-11-21,0
181122,2018-11-22,0
181123,2018-11-23,0
181124,2018-11-24,0
181125,2018-11-25,0
181126,2018-11-26,0
181127,2018-11-27,0
181128,2018-11-28,0
181129,2018-11-29,0
181130,2018-11-30,0
181201,2018-12-01,0
181202,2018-12-02,0
181203,2018-12-03,0
181204,2018-12-04,0
181205,2018-12-05,0
181206,2018-12-06,0
181207,2018-12-07,0
181208,2018-12-08,0
181209,2018-12-09,0
181210,2018-12-10,0
181211,2018-12-11,0
181212,2018-12-12,0
181213,2018-12-13,0
181214,2018-12-14,0
181215,2018-12-15,0
181216,2018-12-16,0
181217,2018-12-17,0
181218,2018-12-18,0
181219,2018-12-19,0
181220,2018-12-20,0
181221,2018-12-21,0
181222,2018-12-22,0
181223,2018-12-23,0
181224,2018-12-24,0
181225,2018-12-25,0
181226,2018-12-26,0
181227,2018-12-27,0
181228,2018-12-28,0
181229,2018-12-29,0
181230,2018-12-30,0
181231,2018-12-31,0
190101,2019-01-01,0
190102,2019-01-02,0
190103,2019-01-03,0
190104,2019-01-04,0
190105,2019-01-05,0
190106,2019-01-06,0
190107,2019-01-07,0
190108,2019-01-08,0
190109,2019-01-09,0
190110,2019-01-10,0
190111,2019-01-11,0
190112,2019-01-12,0
190113,2019-01-13,0
190114,2019-01-14,0
190115,2019-01-15,0
190116,2019-01-16,0
190117,2019-01-17,0
190118,2019-01-18,0
190119,2019-01-19,0
190120,2019-01-20,0
190121,2019-01-21,0
190122,2019-01-22,0
190123,2019-01-23,0
190124,2019-01-24,0
190125,2019-01-25,0
190126,2019-01-26,0
190127,2019-01-27,0
190128,2019-01-28,0
190129,2019-01-29,0
190130,2019-01-30,0
190131,2019-01-31,0
190201,2019-02-01,0
190202,2019-02-02,0
190203,2019-02-03,0
190204,2019-02-04,0
190205,2019-02-05,0
190206,2019-02-06,0
190207,2019-02-07,0
190208,2019-02-08,0
190209,2019-02-09,0
190210,2019-02-10,0
190211,2019-02-11,0
190212,2019-02-12,0
190213,2019-02-13,0
190214,2019-02-14,0
190215,2019-02-15,0
190216,2019-02-16,0
190217,2019-02-17,0
190218,2019-02-18,0
190219,2019-02-19,0
190220,2019-02-20,0
190221,2019-02-21,0
190222,2019-02-22,0
190223,2019-02-23,0
190224,2019-02-24,0
190225,2019-02-25,0
190226,2019-02-26,0
190227,2019-02-27,0
190228,2019-02-28,0
190301,2019-03-01,0
190302,2019-03-02,0
190303,2019-03-03,0
190304,2019-03-04,0
190305,2019-03-05,0
190306,2019-03-06,1
190307,2019-03-07,1
190308,2019-03-08,1
190309,2019-03-09,1
190310,2019-03-10,1
190311,2019-03-11,1
190312,2019-03-12,1
190313,2019-03-13,1
190314,2019-03-14,1
190315,2019-03-15,1
190316,2019-03-16,1
190317,2019-03-17,1
190318,2019-03-18,1
190319,2019-03-19,1
190320,2019-03-20,1
190321,2019-03-21,1
190322,2019-03-22,1
190323,2019-03-23,1
190324,2019-03-24,1
190325,2019-03-25,1
190326,2019-03-26,1
190327,2019-03-27,1
190328,2019-03-28,1
190329,2019-03-29,1
190330,2019-03-30,1
190331,2019-03-31,1
190401,2019-04-01,1
190402,2019-04-02,1
190403,2019-04-03,1
190404,2019-04-04,1
190405,2019-04-05,1
190406,2019-04-06,1
190407,2019-04-07,1
190408,2019-04-08,1
190409,2019-04-09,1
190410,2019-04-10,1
190411,2019-04-11,1
190412,2019-04-12,1
190413,2019-04-13,1
190414,2019-04-14,1
190415,2019-04-15,1
190416,2019-04-16,1
190417,2019-04-17,1
190418,2019-04-18,1
190419,2019-04-19,1
190420,2019-04-20,1
190421,2019-04-21,0
190422,2019-04-22,0
190423,2019-04-23,0
190424,2019-04-24,0
190425,2019-04-25,0
190426,2019-04-26,0
190427,2019-04-27,0
190428,2019-04-28,0
190429,2019-04-29,0
190430,2019-04-30,0
190501,2019-05-01,0
190502,2019-05-02,0
190503,2019-05-03,0
190504,2019-05-04,0
190505,2019-05-05,0
190506,2019-05-06,0
190507,2019-05-07,0
190508,2019-05-08,0
190509,2019-05-09,0
190510,2019-05-10,0
190511,2019-05-11,0
190512,2019-05-12,0
190513,2019-05-13,0
190514,2019-05-14,0
190515,2019-05-15,0
190516,2019-05-16,0
190517,2019-05-17,0
190518,2019-05-18,0
190519,2019-05-19,0
190520,2019-05-20,0
190521,2019-05-21,0
190522,2019-05-22,0
190523,2019-05-23,0
190524,2019-05-24,0
190525,2019-05-25,0
190526,2019-05-26,0
190527,2019-05-27,0
190528,2019-05-28,0
190529,2019-05-29,0
190530,2019-05-30,0
190531,2019-05-31,0
190601,2019-06-01,0
190602,2019-06-02,0
190603,2019-06-03,0
190604,2019-06-04,0
190605,2019-06-05,0
190606,2019-06-06,0
190607,2019-06-07,0
190608,2019-06-08,0
190609,2019-06-09,0
190610,2019-06-10,0
190611,2019-06-11,0
190612,2019-06-12,0
190613,2019-06-13,0
190614,2019-06-14,0
190615,2019-06-15,0
190616,2019-06-16,0
190617,2019-06-17,0
190618,2019-06-18,0
190619,2019-06-19,0
190620,2019-06-20,0
190621,2019-06-21,0
190622,2019-06-22,0
190623,2019-06-23,0
190624,2019-06-24,0
190625,2019-06-25,0
190626,2019-06-26,0
190627,2019-06-27,0
190628,2019-06-28,0
190629,2019-06-29,0
190630,2019-06-30,0
190701,2019-07-01,0
190702,2019-07-02,0
190703,2019-07-03,0
190704,2019-07-04,0
190705,2019-07-05,0
190706,2019-07-06,0
190707,2019-07-07,0
190708,2019-07-08,0
190709,2019-07-09,0
190710,2019-07-10,0
190711,2019-07-11,0
190712,2019-07-12,0
190713,2019-07-13,0
190714,2019-07-14,0
190715,2019-07-15,0
190716,2019-07-16,0
190717,2019-07-17,0
190718,2019-07-18,0
190719,2019-07-19,0
190720,2019-07-20,0
190721,2019-07-21,0
190722,2019-07-22,0
190723,2019-07-23,0
190724,2019-07-24,0
190725,2019-07-25,0
190726,2019-07-26,0
190727,2019-07-27,0
190728,2019-07-28,0
190729,2019-07-29,0
190730,2019-07-30,0
